{
  "device": "cpu",
  "exp1_retrieval": {
    "tfidf": {
      "hits@1": 0.16767371601208458,
      "hits@5": 0.3197381671701913,
      "hits@10": 0.39224572004028196,
      "mrr": 0.2340846241148353,
      "ndcg@10": 0.25624088408905166,
      "n_questions": 1986
    },
    "dense_minilm": {
      "hits@1": 0.0850956696878147,
      "hits@5": 0.2190332326283988,
      "hits@10": 0.29254783484390734,
      "mrr": 0.14348395115011428,
      "ndcg@10": 0.1679323659277815,
      "n_questions": 1986
    },
    "hybrid_rrf": {
      "hits@1": 0.12185297079556898,
      "hits@5": 0.297583081570997,
      "hits@10": 0.3932527693856999,
      "mrr": 0.19905169519973118,
      "ndcg@10": 0.23070180673777946,
      "n_questions": 1986
    },
    "n_memories": 5882
  },
  "exp2_workspace": {
    "n_documents": 8,
    "final_prompt_size": {
      "full_transcript": 12321,
      "bounded_workspace": 2830
    },
    "cumulative_prompt_load": {
      "full_transcript": 54521,
      "bounded_workspace": 16775
    },
    "title_coverage_final": 1,
    "keyword_coverage_final": 1,
    "doc_ids": [
      "2402.17753",
      "2310.08560",
      "2312.00752",
      "2402.19427",
      "2512.12818",
      "2601.04688",
      "2601.03204",
      "2506.09985"
    ]
  },
  "exp3_intervention": {
    "train_transitions": 24584,
    "test_seen_transitions": 6151,
    "test_held_transitions": 1400,
    "single_stream_seen": {
      "cosine": 0.9939281592677617,
      "local_top1": 0.9996748496179483,
      "local_top5": 1.0
    },
    "single_stream_held_out": {
      "cosine": 0.6185990791075996,
      "local_top1": 0.5271428571428571,
      "local_top5": 1.0
    },
    "twin_stream_seen": {
      "cosine": 0.9942663887461459,
      "local_top1": 0.9993496992358966,
      "local_top5": 1.0
    },
    "twin_stream_held_out": {
      "cosine": 0.649287023629461,
      "local_top1": 0.6171428571428571,
      "local_top5": 1.0
    },
    "seen_actions": [
      0,
      1,
      2,
      4
    ],
    "held_out_actions": [
      3,
      5
    ]
  },
  "exp4_timescale": {
    "4": {
      "train_examples": 25384,
      "test_examples": 6351,
      "models": {
        "htbs": {
          "cosine": 0.9879809151839279,
          "local_top1": 0.9996850889623682,
          "local_top5": 1.0,
          "params": 500375,
          "train_seconds": 14.664288997650146
        },
        "lstm": {
          "cosine": 0.9896001291639166,
          "local_top1": 0.9995276334435522,
          "local_top5": 1.0,
          "params": 359959,
          "train_seconds": 10.844781637191772
        },
        "transformer": {
          "cosine": 0.9916403440861529,
          "local_top1": 0.999842544481184,
          "local_top5": 1.0,
          "params": 484631,
          "train_seconds": 45.283042907714844
        },
        "mlp_control": {
          "cosine": 0.9932870868903748,
          "local_top1": 1.0,
          "local_top5": 1.0,
          "params": 241815,
          "train_seconds": 4.664927005767822
        }
      }
    },
    "8": {
      "train_examples": 18984,
      "test_examples": 4751,
      "models": {
        "htbs": {
          "cosine": 0.9870825183815616,
          "local_top1": 0.9987371079772679,
          "local_top5": 1.0,
          "params": 500375,
          "train_seconds": 19.960978984832764
        },
        "lstm": {
          "cosine": 0.9865335501060815,
          "local_top1": 0.9987371079772679,
          "local_top5": 1.0,
          "params": 359959,
          "train_seconds": 13.287067174911499
        },
        "transformer": {
          "cosine": 0.9906736009624275,
          "local_top1": 1.0,
          "local_top5": 1.0,
          "params": 484631,
          "train_seconds": 45.90900707244873
        },
        "mlp_control": {
          "cosine": 0.9924982695598599,
          "local_top1": 1.0,
          "local_top5": 1.0,
          "params": 241815,
          "train_seconds": 3.6000869274139404
        }
      }
    },
    "12": {
      "train_examples": 12584,
      "test_examples": 3151,
      "models": {
        "htbs": {
          "cosine": 0.9861449504307208,
          "local_top1": 0.999047921294827,
          "local_top5": 1.0,
          "params": 500375,
          "train_seconds": 18.063846826553345
        },
        "lstm": {
          "cosine": 0.9849143098627186,
          "local_top1": 0.999682640431609,
          "local_top5": 1.0,
          "params": 359959,
          "train_seconds": 11.758472919464111
        },
        "transformer": {
          "cosine": 0.9898110018083687,
          "local_top1": 0.999682640431609,
          "local_top5": 1.0,
          "params": 484631,
          "train_seconds": 39.51655077934265
        },
        "mlp_control": {
          "cosine": 0.9909260098762416,
          "local_top1": 0.999682640431609,
          "local_top5": 1.0,
          "params": 241815,
          "train_seconds": 2.4761979579925537
        }
      }
    },
    "16": {
      "train_examples": 6236,
      "test_examples": 1567,
      "models": {
        "htbs": {
          "cosine": 0.9813903445792792,
          "local_top1": 0.9993618379068283,
          "local_top5": 1.0,
          "params": 500375,
          "train_seconds": 11.61469316482544
        },
        "lstm": {
          "cosine": 0.9797780283637008,
          "local_top1": 0.9993618379068283,
          "local_top5": 1.0,
          "params": 359959,
          "train_seconds": 7.475513935089111
        },
        "transformer": {
          "cosine": 0.9873119178439069,
          "local_top1": 0.9993618379068283,
          "local_top5": 1.0,
          "params": 484631,
          "train_seconds": 22.38829803466797
        },
        "mlp_control": {
          "cosine": 0.9887964664254131,
          "local_top1": 0.9993618379068283,
          "local_top5": 1.0,
          "params": 241815,
          "train_seconds": 1.2745959758758545
        }
      }
    }
  },
  "exp5_sparse": {
    "dense": {
      "cosine": 0.993681638931663,
      "local_top1": 0.9997351344192822,
      "local_top5": 1.0
    },
    "sparse": {
      "cosine": 0.9926998674782708,
      "local_top1": 0.9996027016289233,
      "local_top5": 1.0
    },
    "target_commitment_rate": 0.3,
    "mean_gate_probability": 0.3001696765422821,
    "gate_threshold_for_commit": 0.3117178976535797,
    "actual_commitment_rate": 0.30009270295325124,
    "high_change_threshold": 0.5,
    "high_change_commitment_rate": 0.301744782757441,
    "low_change_commitment_rate": 0.2990492653414002,
    "accuracy_per_commit_dense": 0.999558693733451,
    "accuracy_per_commit_sparse": 0.999117387466902,
    "committed_subset": {
      "cosine": 0.9888645279018203,
      "local_top1": 0.999117387466902,
      "local_top5": 1.0
    },
    "dense_committed_subset": {
      "cosine": 0.9909791254355438,
      "local_top1": 0.999558693733451,
      "local_top5": 1.0
    }
  }
}