{
  "tfidf": {
    "hits@1": 0.16767371601208458,
    "hits@5": 0.3197381671701913,
    "hits@10": 0.39224572004028196,
    "mrr": 0.2340846241148353,
    "ndcg@10": 0.25624088408905166,
    "n_questions": 1986
  },
  "dense_minilm": {
    "hits@1": 0.0850956696878147,
    "hits@5": 0.2190332326283988,
    "hits@10": 0.29254783484390734,
    "mrr": 0.14348395115011428,
    "ndcg@10": 0.1679323659277815,
    "n_questions": 1986
  },
  "hybrid_rrf": {
    "hits@1": 0.12185297079556898,
    "hits@5": 0.297583081570997,
    "hits@10": 0.3932527693856999,
    "mrr": 0.19905169519973118,
    "ndcg@10": 0.23070180673777946,
    "n_questions": 1986
  },
  "n_memories": 5882
}