{
  "train_transitions": 24584,
  "test_seen_transitions": 6151,
  "test_held_transitions": 1400,
  "single_stream_seen": {
    "cosine": 0.9939281592677617,
    "local_top1": 0.9996748496179483,
    "local_top5": 1.0
  },
  "single_stream_held_out": {
    "cosine": 0.6185990791075996,
    "local_top1": 0.5271428571428571,
    "local_top5": 1.0
  },
  "twin_stream_seen": {
    "cosine": 0.9942663887461459,
    "local_top1": 0.9993496992358966,
    "local_top5": 1.0
  },
  "twin_stream_held_out": {
    "cosine": 0.649287023629461,
    "local_top1": 0.6171428571428571,
    "local_top5": 1.0
  },
  "seen_actions": [
    0,
    1,
    2,
    4
  ],
  "held_out_actions": [
    3,
    5
  ]
}