{
  "train_transitions": 11162,
  "test_seen_transitions": 19573,
  "test_held_transitions": 3800,
  "single_stream_seen": {
    "cosine": 0.5398724263017495,
    "local_top1": 0.34103101210851683,
    "local_top5": 0.6125785520870587
  },
  "single_stream_held_out": {
    "cosine": 0.40459389708274485,
    "local_top1": 0.30026315789473684,
    "local_top5": 1.0
  },
  "twin_stream_seen": {
    "cosine": 0.552986241666481,
    "local_top1": 0.32432432432432434,
    "local_top5": 0.5987329484493946
  },
  "twin_stream_held_out": {
    "cosine": 0.4223712512321378,
    "local_top1": 0.32710526315789473,
    "local_top5": 1.0
  },
  "seen_actions": [
    0,
    1,
    2,
    4
  ],
  "held_out_actions": [
    3,
    5
  ]
}