{
  "4": {
    "train_examples": 25384,
    "test_examples": 6351,
    "models": {
      "htbs": {
        "cosine": 0.9879809151839279,
        "local_top1": 0.9996850889623682,
        "local_top5": 1.0,
        "params": 500375,
        "train_seconds": 14.664288997650146
      },
      "lstm": {
        "cosine": 0.9896001291639166,
        "local_top1": 0.9995276334435522,
        "local_top5": 1.0,
        "params": 359959,
        "train_seconds": 10.844781637191772
      },
      "transformer": {
        "cosine": 0.9916403440861529,
        "local_top1": 0.999842544481184,
        "local_top5": 1.0,
        "params": 484631,
        "train_seconds": 45.283042907714844
      },
      "mlp_control": {
        "cosine": 0.9932870868903748,
        "local_top1": 1.0,
        "local_top5": 1.0,
        "params": 241815,
        "train_seconds": 4.664927005767822
      }
    }
  },
  "8": {
    "train_examples": 18984,
    "test_examples": 4751,
    "models": {
      "htbs": {
        "cosine": 0.9870825183815616,
        "local_top1": 0.9987371079772679,
        "local_top5": 1.0,
        "params": 500375,
        "train_seconds": 19.960978984832764
      },
      "lstm": {
        "cosine": 0.9865335501060815,
        "local_top1": 0.9987371079772679,
        "local_top5": 1.0,
        "params": 359959,
        "train_seconds": 13.287067174911499
      },
      "transformer": {
        "cosine": 0.9906736009624275,
        "local_top1": 1.0,
        "local_top5": 1.0,
        "params": 484631,
        "train_seconds": 45.90900707244873
      },
      "mlp_control": {
        "cosine": 0.9924982695598599,
        "local_top1": 1.0,
        "local_top5": 1.0,
        "params": 241815,
        "train_seconds": 3.6000869274139404
      }
    }
  },
  "12": {
    "train_examples": 12584,
    "test_examples": 3151,
    "models": {
      "htbs": {
        "cosine": 0.9861449504307208,
        "local_top1": 0.999047921294827,
        "local_top5": 1.0,
        "params": 500375,
        "train_seconds": 18.063846826553345
      },
      "lstm": {
        "cosine": 0.9849143098627186,
        "local_top1": 0.999682640431609,
        "local_top5": 1.0,
        "params": 359959,
        "train_seconds": 11.758472919464111
      },
      "transformer": {
        "cosine": 0.9898110018083687,
        "local_top1": 0.999682640431609,
        "local_top5": 1.0,
        "params": 484631,
        "train_seconds": 39.51655077934265
      },
      "mlp_control": {
        "cosine": 0.9909260098762416,
        "local_top1": 0.999682640431609,
        "local_top5": 1.0,
        "params": 241815,
        "train_seconds": 2.4761979579925537
      }
    }
  },
  "16": {
    "train_examples": 6236,
    "test_examples": 1567,
    "models": {
      "htbs": {
        "cosine": 0.9813903445792792,
        "local_top1": 0.9993618379068283,
        "local_top5": 1.0,
        "params": 500375,
        "train_seconds": 11.61469316482544
      },
      "lstm": {
        "cosine": 0.9797780283637008,
        "local_top1": 0.9993618379068283,
        "local_top5": 1.0,
        "params": 359959,
        "train_seconds": 7.475513935089111
      },
      "transformer": {
        "cosine": 0.9873119178439069,
        "local_top1": 0.9993618379068283,
        "local_top5": 1.0,
        "params": 484631,
        "train_seconds": 22.38829803466797
      },
      "mlp_control": {
        "cosine": 0.9887964664254131,
        "local_top1": 0.9993618379068283,
        "local_top5": 1.0,
        "params": 241815,
        "train_seconds": 1.2745959758758545
      }
    }
  }
}