{
  "dense": {
    "cosine": 0.5466162258562222,
    "local_top1": 0.336456595216703,
    "local_top5": 0.5696744106447611
  },
  "sparse": {
    "cosine": 0.6144971262641449,
    "local_top1": 0.35327086809566594,
    "local_top5": 0.7253240919009113
  },
  "target_commitment_rate": 0.3,
  "mean_gate_probability": 0.291559636592865,
  "gate_threshold_for_commit": 0.308206582069397,
  "actual_commitment_rate": 0.30000427844093613,
  "high_change_threshold": 0.5,
  "high_change_commitment_rate": 0.3599247621155123,
  "low_change_commitment_rate": 0.2622253226369027,
  "accuracy_per_commit_dense": 0.336456595216703,
  "accuracy_per_commit_sparse": 0.59312606959498,
  "committed_subset": {
    "cosine": 0.6272222203453838,
    "local_top1": 0.59312606959498,
    "local_top5": 0.9411009697661152
  }
}