{
  "pickup_toggle": {
    "seen_actions": [
      0,
      1,
      2,
      4
    ],
    "held_out_actions": [
      3,
      5
    ],
    "train_n": 24584,
    "test_seen_n": 6151,
    "test_held_n": 1400,
    "single_stream_seen": {
      "cosine": 0.9939281592677617,
      "local_top1": 0.9996748496179483,
      "local_top5": 1.0
    },
    "single_stream_held_out": {
      "cosine": 0.6185990791075996,
      "local_top1": 0.5271428571428571,
      "local_top5": 1.0
    },
    "twin_stream_seen": {
      "cosine": 0.9942663887461459,
      "local_top1": 0.9993496992358966,
      "local_top5": 1.0
    },
    "twin_stream_held_out": {
      "cosine": 0.649287023629461,
      "local_top1": 0.6171428571428571,
      "local_top5": 1.0
    },
    "heldout_cosine_gain": 0.03068794452186141,
    "heldout_top1_gain": 0.08999999999999997
  },
  "turning": {
    "seen_actions": [
      2,
      3,
      4,
      5
    ],
    "held_out_actions": [
      0,
      1
    ],
    "train_n": 17749,
    "test_seen_n": 4427,
    "test_held_n": 3124,
    "single_stream_seen": {
      "cosine": 0.9964517204708188,
      "local_top1": 1.0,
      "local_top5": 1.0
    },
    "single_stream_held_out": {
      "cosine": 0.31838273340728845,
      "local_top1": 0.002240717029449424,
      "local_top5": 0.4580665813060179
    },
    "twin_stream_seen": {
      "cosine": 0.9972240095863446,
      "local_top1": 1.0,
      "local_top5": 1.0
    },
    "twin_stream_held_out": {
      "cosine": 0.319515281758735,
      "local_top1": 0.006722151088348271,
      "local_top5": 0.4055697823303457
    },
    "heldout_cosine_gain": 0.0011325483514465495,
    "heldout_top1_gain": 0.004481434058898847
  },
  "forward_drop": {
    "seen_actions": [
      0,
      1,
      3,
      5
    ],
    "held_out_actions": [
      2,
      4
    ],
    "train_n": 18035,
    "test_seen_n": 4524,
    "test_held_n": 3027,
    "single_stream_seen": {
      "cosine": 0.9920534929482944,
      "local_top1": 0.9993368700265252,
      "local_top5": 1.0
    },
    "single_stream_held_out": {
      "cosine": 0.5038832592410856,
      "local_top1": 0.2986455236207466,
      "local_top5": 0.7727122563594317
    },
    "twin_stream_seen": {
      "cosine": 0.9928199031071574,
      "local_top1": 1.0,
      "local_top5": 1.0
    },
    "twin_stream_held_out": {
      "cosine": 0.47224800477218504,
      "local_top1": 0.2748595969606871,
      "local_top5": 0.7413280475718533
    },
    "heldout_cosine_gain": -0.03163525446890053,
    "heldout_top1_gain": -0.023785926660059464
  }
}